<IfModule mod_deflate.c>
  # Compress HTML, CSS, JavaScript, Text, XML and fonts
  AddOutputFilterByType DEFLATE application/javascript
  AddOutputFilterByType DEFLATE application/rss+xml
  AddOutputFilterByType DEFLATE application/vnd.ms-fontobject
  AddOutputFilterByType DEFLATE application/x-font
  AddOutputFilterByType DEFLATE application/x-font-opentype
  AddOutputFilterByType DEFLATE application/x-font-otf
  AddOutputFilterByType DEFLATE application/x-font-truetype
  AddOutputFilterByType DEFLATE application/x-font-ttf
  AddOutputFilterByType DEFLATE application/x-javascript
  AddOutputFilterByType DEFLATE application/xhtml+xml
  AddOutputFilterByType DEFLATE application/xml
  AddOutputFilterByType DEFLATE font/opentype
  AddOutputFilterByType DEFLATE font/otf
  AddOutputFilterByType DEFLATE font/ttf
  AddOutputFilterByType DEFLATE image/svg+xml
  AddOutputFilterByType DEFLATE image/x-icon
  AddOutputFilterByType DEFLATE text/css
  AddOutputFilterByType DEFLATE text/html
  AddOutputFilterByType DEFLATE text/javascript
  AddOutputFilterByType DEFLATE text/plain
  AddOutputFilterByType DEFLATE text/xml

  # Remove browser bugs (only needed for really old browsers)
  BrowserMatch ^Mozilla/4 gzip-only-text/html
  BrowserMatch ^Mozilla/4\.0[678] no-gzip
  BrowserMatch \bMSIE !no-gzip !gzip-only-text/html
  Header append Vary User-Agent
</IfModule>

## EXPIRES CACHING ##
<IfModule mod_expires.c>
ExpiresActive On
ExpiresByType image/jpg "access 1 year"
ExpiresByType image/jpeg "access 1 year"
ExpiresByType image/gif "access 1 year"
ExpiresByType image/png "access 1 year"
ExpiresByType text/css "access 1 month"
ExpiresByType text/html "access 1 month"
ExpiresByType application/pdf "access 1 month"
ExpiresByType text/x-javascript "access 1 month"
ExpiresByType application/x-shockwave-flash "access 1 month"
ExpiresByType image/x-icon "access 1 year"
ExpiresDefault "access 1 month"
</IfModule>
## EXPIRES CACHING ##

RewriteEngine On

RewriteCond %{REQUEST_FILENAME} !-f
RewriteCond %{REQUEST_FILENAME} !-d
RewriteRule ^(.*)$ index.php?/$1 [L]
Redirect 301 /faqs/ /wp/faqs/
Redirect 301 /reviews/ /wp/reviews/
Redirect 301 /contact-us/ /wp/contact-us/
Redirect 301 /about-us/ /wp/about-us/
Redirect 301 /terms-and-conditions/ /wp/terms-and-conditions/
Redirect 301 /local-taxi-cab-hire-company-brighton/ /wp/local-taxi-cab-hire-company-brighton/
Redirect 301 /local-mini-cab-hire-company-brighton/ /wp/local-mini-cab-hire-company-brighton/
Redirect 301 /local-corporate-taxi-cab-company-brighton/ /wp/local-corporate-taxi-cab-company-brighton/
Redirect 301 /local-chauffeured-car-hire-company-brighton/ /wp/local-chauffeured-car-hire-company-brighton/
Redirect 301 /local-airport-taxi-transfer-company-brighton/ /wp/local-airport-taxi-transfer-company-brighton/
Redirect 301 /local-taxi-cab-hire-company-clifton-in-bristol/ /wp/local-taxi-cab-hire-company-clifton-in-bristol/
Redirect 301 /local-mini-cab-hire-company-clifton-in-bristol/ /wp/local-mini-cab-hire-company-clifton-in-bristol/
Redirect 301 /local-corporate-taxi-cab-company-clifton-in-bristol/ /wp/local-corporate-taxi-cab-company-clifton-in-bristol/
Redirect 301 /local-chauffeured-car-hire-company-clifton-in-bristol/ /wp/local-chauffeured-car-hire-company-clifton-in-bristol/
Redirect 301 /local-airport-taxi-transfer-company-clifton-in-bristol/ /wp/local-airport-taxi-transfer-company-clifton-in-bristol/
Redirect 301 /local-taxi-cab-hire-company-gatwick-airport/ /wp/local-taxi-cab-hire-company-gatwick-airport/
Redirect 301 /local-mini-cab-hire-company-gatwick-airport/ /wp/local-mini-cab-hire-company-gatwick-airport/
Redirect 301 /local-corporate-taxi-cab-company-gatwick-airport/ /wp/local-corporate-taxi-cab-company-gatwick-airport/
Redirect 301 /local-chauffeured-car-hire-company-gatwick-airport/ /wp/local-chauffeured-car-hire-company-gatwick-airport/
Redirect 301 /local-taxi-cab-hire-company-heathrow-airport/ /wp/local-taxi-cab-hire-company-heathrow-airport/
Redirect 301 /local-mini-cab-hire-company-heathrow-airport/ /wp/local-mini-cab-hire-company-heathrow-airport/
Redirect 301 /local-corporate-taxi-cab-company-heathrow-airport/ /wp/local-corporate-taxi-cab-company-heathrow-airport/
Redirect 301 /local-chauffeured-car-hire-company-heathrow-airport/ /wp/local-chauffeured-car-hire-company-heathrow-airport/
Redirect 301 /local-airport-taxi-transfer-company-heathrow-airport/ /wp/local-airport-taxi-transfer-company-heathrow-airport/
Redirect 301 /local-taxi-cab-hire-company-hove/ /wp/local-taxi-cab-hire-company-hove/
Redirect 301 /local-mini-cab-hire-company-hove/ /wp/local-mini-cab-hire-company-hove/
Redirect 301 /local-corporate-taxi-cab-company-hove/ /wp/local-corporate-taxi-cab-company-hove/
Redirect 301 /local-chauffeured-car-hire-company-hove/ /wp/local-chauffeured-car-hire-company-hove/
Redirect 301 /local-airport-taxi-transfer-company-hove/ /wp/local-airport-taxi-transfer-company-hove/
Redirect 301 /local-taxi-cab-hire-company-luton-airport/ /wp/local-taxi-cab-hire-company-luton-airport/
Redirect 301 /local-mini-cab-hire-company-luton-airport/ /wp/local-mini-cab-hire-company-luton-airport/
Redirect 301 /local-corporate-taxi-cab-company-luton-airport/ /wp/local-corporate-taxi-cab-company-luton-airport/
Redirect 301 /local-chauffeured-car-hire-company-luton-airport/ /wp/local-chauffeured-car-hire-company-luton-airport/
Redirect 301 /local-airport-taxi-transfer-company-luton-airport/ /wp/local-airport-taxi-transfer-company-luton-airport/
Redirect 301 /local-taxi-cab-hire-company-ocean-village/ /wp/local-taxi-cab-hire-company-ocean-village/
Redirect 301 /local-mini-cab-hire-company-ocean-village/ /wp/local-mini-cab-hire-company-ocean-village/
Redirect 301 /local-corporate-taxi-cab-company-ocean-village/ /wp/local-corporate-taxi-cab-company-ocean-village/
Redirect 301 /local-airport-taxi-transfer-company-ocean-village/ /wp/local-airport-taxi-transfer-company-ocean-village/
Redirect 301 /local-taxi-cab-hire-company-preston-park/ /wp/local-taxi-cab-hire-company-preston-park/
Redirect 301 /local-mini-cab-hire-company-preston-park/ /wp/local-mini-cab-hire-company-preston-park/
Redirect 301 /local-chauffeured-car-hire-company-preston-park/ /wp/local-chauffeured-car-hire-company-preston-park/
Redirect 301 /local-airport-taxi-transfer-company-preston-park/ /wp/local-airport-taxi-transfer-company-preston-park/
Redirect 301 /local-taxi-cab-hire-company-southampton/ /wp/local-taxi-cab-hire-company-southampton/
Redirect 301 /local-mini-cab-hire-company-southampton/ /wp/local-mini-cab-hire-company-southampton/
Redirect 301 /local-corporate-taxi-cab-company-southampton/ /wp/local-corporate-taxi-cab-company-southampton/
Redirect 301 /local-chauffeured-car-hire-company-southampton/ /wp/local-chauffeured-car-hire-company-southampton/
Redirect 301 /local-airport-taxi-transfer-company-southampton/ /wp/local-airport-taxi-transfer-company-southampton/
